/*
SQLyog Ultimate v10.42 
MySQL - 5.5.29-0ubuntu0.12.04.2 : Database - demo
*********************************************************************
*/

/*!40101 SET NAMES utf8 */;

/*!40101 SET SQL_MODE=''*/;

/*!40014 SET @OLD_UNIQUE_CHECKS=@@UNIQUE_CHECKS, UNIQUE_CHECKS=0 */;
/*!40014 SET @OLD_FOREIGN_KEY_CHECKS=@@FOREIGN_KEY_CHECKS, FOREIGN_KEY_CHECKS=0 */;
/*!40101 SET @OLD_SQL_MODE=@@SQL_MODE, SQL_MODE='NO_AUTO_VALUE_ON_ZERO' */;
/*!40111 SET @OLD_SQL_NOTES=@@SQL_NOTES, SQL_NOTES=0 */;
CREATE DATABASE /*!32312 IF NOT EXISTS*/`demo` /*!40100 DEFAULT CHARACTER SET utf8 */;

USE `demo`;

/*Table structure for table `device` */

DROP TABLE IF EXISTS `device`;

CREATE TABLE `device` (
  `bar_code` varchar(100) NOT NULL DEFAULT '',
  `serial_no` varchar(100) DEFAULT NULL,
  `status` int(11) DEFAULT NULL,
  `login_dt` datetime DEFAULT NULL,
  `update_dt` datetime DEFAULT NULL,
  `usr_id` varchar(20) DEFAULT NULL,
  PRIMARY KEY (`bar_code`)
) ENGINE=InnoDB DEFAULT CHARSET=utf8;

/*Data for the table `device` */

insert  into `device`(`bar_code`,`serial_no`,`status`,`login_dt`,`update_dt`,`usr_id`) values ('18435301','ffffffff-fd46-fe82-8a07-dd19246097f9',NULL,NULL,NULL,NULL);

/*Table structure for table `location` */

DROP TABLE IF EXISTS `location`;

CREATE TABLE `location` (
  `loc_id` varchar(24) NOT NULL,
  `serial_no` varchar(100) NOT NULL,
  `usr_id` varchar(20) NOT NULL,
  `src_type` int(11) NOT NULL COMMENT '0代表来自GPS,1代表来自WIFI',
  `lat` double NOT NULL,
  `lon` double NOT NULL,
  `create_dt` datetime NOT NULL,
  PRIMARY KEY (`loc_id`)
) ENGINE=InnoDB DEFAULT CHARSET=utf8;

/*Data for the table `location` */

/*Table structure for table `picture` */

DROP TABLE IF EXISTS `picture`;

CREATE TABLE `picture` (
  `pic_id` varchar(50) NOT NULL,
  `usr_id` varchar(20) NOT NULL,
  `pic_name` varchar(50) NOT NULL,
  `pic_type` int(11) NOT NULL,
  `pic_desc` varchar(200) DEFAULT NULL,
  `sod_desc` varchar(50) DEFAULT NULL,
  `create_dt` datetime NOT NULL,
  `upload_dt` datetime NOT NULL,
  `lat` double DEFAULT NULL,
  `lon` double DEFAULT NULL,
  `clh` varchar(50) DEFAULT NULL,
  `xc` int(11) DEFAULT NULL,
  `tw` int(11) DEFAULT NULL,
  `bw` int(11) DEFAULT NULL,
  `gzfj` int(11) DEFAULT NULL,
  `gzfl` int(11) DEFAULT NULL,
  `gznr` varchar(200) DEFAULT NULL,
  PRIMARY KEY (`pic_id`)
) ENGINE=InnoDB DEFAULT CHARSET=utf8;

/*Data for the table `picture` */

insert  into `picture`(`pic_id`,`usr_id`,`pic_name`,`pic_type`,`pic_desc`,`sod_desc`,`create_dt`,`upload_dt`,`lat`,`lon`,`clh`,`xc`,`tw`,`bw`,`gzfj`,`gzfl`,`gznr`) values ('0110e58d87a34b009f0faaa544151078','102','1366017079160.jpg',1,'','','2013-04-15 17:11:19','2013-04-15 17:11:32',100.122804,20.987029,NULL,NULL,NULL,NULL,NULL,NULL,NULL),('06495fe30dde4b80b7b0225c920d2656','103','1366020242171.jpg',1,'','','2013-04-15 18:04:02','2013-04-15 18:05:16',100.584202,20.541443,NULL,NULL,NULL,NULL,NULL,NULL,NULL),('075e760c12984a2292d93edcfa0b5407','102','1366016047701.jpg',1,'','','2013-04-15 16:54:07','2013-04-15 17:02:04',100.584775,20.235572,NULL,NULL,NULL,NULL,NULL,NULL,NULL),('0ca9e140e62148e9a14bd20cd6b8a4f6','102','1366016024048.jpg',1,'','','2013-04-15 16:53:44','2013-04-15 17:02:02',100.157225,20.512835,NULL,NULL,NULL,NULL,NULL,NULL,NULL),('0f60d6f9ce29431690c4f56a16e7aa14','103','1366020238125.jpg',1,'','','2013-04-15 18:03:58','2013-04-15 18:05:14',100.431877,20.047089,NULL,NULL,NULL,NULL,NULL,NULL,NULL),('101cb1edf3734e40b6c3446169202b4c','102','1366016476584.jpg',1,'','','2013-04-15 17:01:16','2013-04-15 17:02:06',100.304943,20.471998,NULL,NULL,NULL,NULL,NULL,NULL,NULL),('1193655e9ace48aaa00a7c42fa7d4e24','102','1366016045373.jpg',1,'','','2013-04-15 16:54:05','2013-04-15 17:02:03',100.577707,20.349421,NULL,NULL,NULL,NULL,NULL,NULL,NULL),('12dcf78dba0f45c4b712600907379410','102','1366016021286.jpg',1,'','','2013-04-15 16:53:41','2013-04-15 17:02:02',100.642108,20.012751,NULL,NULL,NULL,NULL,NULL,NULL,NULL),('1331eeab4d9a4ab89e695600147625a0','102','1366015995111.jpg',1,'','','2013-04-15 16:53:15','2013-04-15 17:02:00',100.395629,20.022668,NULL,NULL,NULL,NULL,NULL,NULL,NULL),('157431c50ced40b1b04c77ca83605632','102','1366016474414.jpg',1,'','','2013-04-15 17:01:14','2013-04-15 17:02:06',100.937354,20.116989,NULL,NULL,NULL,NULL,NULL,NULL,NULL),('178b6e30fb9e411fa3521d11841346c1','102','1366016483625.jpg',1,'','','2013-04-15 17:01:23','2013-04-15 17:02:07',100.515771,20.879122,NULL,NULL,NULL,NULL,NULL,NULL,NULL),('1971e47843744ea0abb5f59a15230147','102','1366016485725.jpg',1,'','','2013-04-15 17:01:25','2013-04-15 17:02:07',100.345317,20.306401,NULL,NULL,NULL,NULL,NULL,NULL,NULL),('199e5cf7e7294b1fbe70deecf57713ed','102','1366021108508.jpg',1,'','','2013-04-15 18:18:28','2013-04-15 18:19:14',100.15009,20.679082,NULL,NULL,NULL,NULL,NULL,NULL,NULL),('1cf0e4abe8494f11b8618c407faa5911','102','1366016454155.jpg',1,'','','2013-04-15 17:00:54','2013-04-15 17:02:05',100.110048,20.358054,NULL,NULL,NULL,NULL,NULL,NULL,NULL),('1e28ff1bcb0042f591569f6f8b5ad215','102','1366016467975.jpg',1,'','','2013-04-15 17:01:07','2013-04-15 17:02:06',100.112637,20.29058,NULL,NULL,NULL,NULL,NULL,NULL,NULL),('20fac0ac56dd41ea803a5bbffb782b7f','101','1366020291198.jpg',1,'','','2013-04-15 18:04:51','2013-04-15 18:05:17',100.626764,20.274152,NULL,NULL,NULL,NULL,NULL,NULL,NULL),('2487a5f240f7446ea19dd8630a2c3161','103','1366020252427.jpg',1,'','','2013-04-15 18:04:12','2013-04-15 18:05:16',100.559334,20.009218,NULL,NULL,NULL,NULL,NULL,NULL,NULL),('2ae8d2ff62fc49f086b595a8c6423bf0','102','1366016460818.jpg',1,'','','2013-04-15 17:01:00','2013-04-15 17:02:05',100.103007,20.242635,NULL,NULL,NULL,NULL,NULL,NULL,NULL),('2cde6cd14d464f69bf7a8e3befae220a','103','1366020249240.jpg',1,'','','2013-04-15 18:04:09','2013-04-15 18:05:16',100.579942,20.784806,NULL,NULL,NULL,NULL,NULL,NULL,NULL),('2d2e3bcdefa04d8a9b1b0a1d26ad694d','102','1366021116842.jpg',1,'','','2013-04-15 18:18:36','2013-04-15 18:19:15',100.59282,20.958451,NULL,NULL,NULL,NULL,NULL,NULL,NULL),('33295060c5f6402a8d84b040bd9c9a6b','102','1366016499386.jpg',1,'','','2013-04-15 17:01:39','2013-04-15 17:02:08',100.684308,20.689824,NULL,NULL,NULL,NULL,NULL,NULL,NULL),('334eda2a52764d649e4fd8ae0f177324','102','1366015997499.jpg',1,'','','2013-04-15 16:53:17','2013-04-15 17:02:00',100.257756,20.359355,NULL,NULL,NULL,NULL,NULL,NULL,NULL),('38a32b9703314567a0f2015e7236e6fa','103','1366020245694.jpg',1,'','','2013-04-15 18:04:05','2013-04-15 18:05:16',100.375684,20.630429,NULL,NULL,NULL,NULL,NULL,NULL,NULL),('3d7f3f61714b468ab4d2c9ba71613865','102','1366016462322.jpg',1,'','','2013-04-15 17:01:02','2013-04-15 17:02:06',100.480708,20.124156,NULL,NULL,NULL,NULL,NULL,NULL,NULL),('3d9102edfd1f4da6916eb281fdac6f39','102','1366016446565.jpg',1,'','','2013-04-15 17:00:46','2013-04-15 17:02:04',100.445613,20.507716,NULL,NULL,NULL,NULL,NULL,NULL,NULL),('44d76395e1784738a186ed6a7953d749','102','1366016464008.jpg',1,'','','2013-04-15 17:01:04','2013-04-15 17:02:06',100.901569,20.767543,NULL,NULL,NULL,NULL,NULL,NULL,NULL),('4cd8edcad2024986a0c26225fb7c8272','102','1366016497999.jpg',1,'','','2013-04-15 17:01:37','2013-04-15 17:02:08',100.651397,20.140716,NULL,NULL,NULL,NULL,NULL,NULL,NULL),('4fb20f459df748158deff024378a4952','102','1366021100878.jpg',1,'','','2013-04-15 18:18:20','2013-04-15 18:19:13',100.870276,20.979044000000002,NULL,NULL,NULL,NULL,NULL,NULL,NULL),('5277966ff36d4278a21d577c8e5a75bf','102','1366016032552.jpg',1,'','','2013-04-15 16:53:52','2013-04-15 17:02:03',100.312574,20.465002,NULL,NULL,NULL,NULL,NULL,NULL,NULL),('558f8ee6bbd7481a8e21d3c6a0f310f5','102','1366016026998.jpg',1,'','','2013-04-15 16:53:46','2013-04-15 17:02:02',100.874039,20.388082,NULL,NULL,NULL,NULL,NULL,NULL,NULL),('571b15948de042e7a2cbf09b248945d0','102','1366016487588.jpg',1,'','','2013-04-15 17:01:27','2013-04-15 17:02:07',100.148504,20.264942,NULL,NULL,NULL,NULL,NULL,NULL,NULL),('575ddefff26c461e919de86f9920ac65','103','1366020247500.jpg',1,'','','2013-04-15 18:04:07','2013-04-15 18:05:16',100.99524,20.609488,NULL,NULL,NULL,NULL,NULL,NULL,NULL),('59dc1df2911149a68954eaf6ab4f1203','102','1366016502325.jpg',1,'','','2013-04-15 17:01:42','2013-04-15 17:02:09',100.055788,20.860405,NULL,NULL,NULL,NULL,NULL,NULL,NULL),('5abb60cc94a541e7b3bd51f41b3801f8','102','1366017054853.jpg',1,'','','2013-04-15 17:10:54','2013-04-15 17:11:31',100.798127,20.804451,NULL,NULL,NULL,NULL,NULL,NULL,NULL),('62fda30ff27f4981b83c1d002a61466a','102','1366021118524.jpg',1,'','','2013-04-15 18:18:38','2013-04-15 18:19:15',100.340581,20.534567,NULL,NULL,NULL,NULL,NULL,NULL,NULL),('6592c7d74b8e41968c8b67d62da0ed9a','102','1366016505932.jpg',1,'','','2013-04-15 17:01:45','2013-04-15 17:02:09',100.176166,20.940891,NULL,NULL,NULL,NULL,NULL,NULL,NULL),('6941385e6b704ebc99d63a2cc38c0d4e','102','1366016479047.jpg',1,'','','2013-04-15 17:01:19','2013-04-15 17:02:07',100.250265,20.76417,NULL,NULL,NULL,NULL,NULL,NULL,NULL),('6a737e7ea14f4532834afdec2ecc5e50','102','1366016000035.jpg',1,'','','2013-04-15 16:53:20','2013-04-15 17:02:00',100.924592,20.977383,NULL,NULL,NULL,NULL,NULL,NULL,NULL),('6b4fb7ceeba94578a153640193f531d3','102','1366016052115.jpg',1,'','','2013-04-15 16:54:12','2013-04-15 17:02:04',100.730137,20.781215,NULL,NULL,NULL,NULL,NULL,NULL,NULL),('727307cf5be3488d8eda43376d2321d8','102','1366016452437.jpg',1,'','','2013-04-15 17:00:52','2013-04-15 17:02:05',100.857481,20.643376,NULL,NULL,NULL,NULL,NULL,NULL,NULL),('78c3986dece348e3ae4b6cdb662c8386','102','1366016008528.jpg',1,'','','2013-04-15 16:53:28','2013-04-15 17:02:01',100.098414,20.35135,NULL,NULL,NULL,NULL,NULL,NULL,NULL),('7af248f2333c4f8c95a285dd7a9350c0','102','1366017067790.jpg',1,'','','2013-04-15 17:11:07','2013-04-15 17:11:31',100.154916,20.980543,NULL,NULL,NULL,NULL,NULL,NULL,NULL),('7c6ede6404184cc3abab2e90a9bb72f4','102','1366017084571.jpg',1,'','','2013-04-15 17:11:24','2013-04-15 17:11:33',100.757353,20.096358,NULL,NULL,NULL,NULL,NULL,NULL,NULL),('7d19e04fcabb4e448e041dd28312240d','102','1366021102935.jpg',1,'','','2013-04-15 18:18:22','2013-04-15 18:19:13',100.726764,20.534726,NULL,NULL,NULL,NULL,NULL,NULL,NULL),('7fb14b7f3a0f41cc9876a9dd2debd002','102','1366017074945.jpg',1,'','','2013-04-15 17:11:14','2013-04-15 17:11:32',100.078304,20.679019,NULL,NULL,NULL,NULL,NULL,NULL,NULL),('80c165a0e4854ee5a416c7c24a36ac8d','102','1366016481517.jpg',1,'','','2013-04-15 17:01:21','2013-04-15 17:02:07',100.572294,20.997014,NULL,NULL,NULL,NULL,NULL,NULL,NULL),('8315fc94303c482098e947a4e93f1752','102','1366016473027.jpg',1,'','','2013-04-15 17:01:13','2013-04-15 17:02:06',100.062302,20.879744,NULL,NULL,NULL,NULL,NULL,NULL,NULL),('8397b702390c44e1b1365bd1b06c8f0b','102','1366016013470.jpg',1,'','','2013-04-15 16:53:33','2013-04-15 17:02:01',100.4482,20.384129,NULL,NULL,NULL,NULL,NULL,NULL,NULL),('84fca75194904b9a815dc095b66bbdda','102','1366016491084.jpg',1,'','','2013-04-15 17:01:31','2013-04-15 17:02:08',100.954872,20.195742,NULL,NULL,NULL,NULL,NULL,NULL,NULL),('857a622f2ad848e685f5c54eeef02d6d','102','1366016500826.jpg',1,'','','2013-04-15 17:01:40','2013-04-15 17:02:09',100.708909,20.931192,NULL,NULL,NULL,NULL,NULL,NULL,NULL),('8ba36e0fb8fb4d66ae0fa12c7987b9ea','102','1366017058826.jpg',1,'','','2013-04-15 17:10:58','2013-04-15 17:11:31',100.101099,20.906728,NULL,NULL,NULL,NULL,NULL,NULL,NULL),('9088a56aa76548db86762cfaf12787ba','102','1366016492952.jpg',1,'','','2013-04-15 17:01:32','2013-04-15 17:02:08',100.430289,20.827073,NULL,NULL,NULL,NULL,NULL,NULL,NULL),('9354beb13e174f57887c1101c0927611','102','1366016450540.jpg',1,'','','2013-04-15 17:00:50','2013-04-15 17:02:05',100.950276,20.691514,NULL,NULL,NULL,NULL,NULL,NULL,NULL),('99d66096307e4abb9636a17e7d128fb0','102','1366016015387.jpg',1,'','','2013-04-15 16:53:35','2013-04-15 17:02:02',100.531309,20.746762,NULL,NULL,NULL,NULL,NULL,NULL,NULL),('9afbad2208b44f7ca0532b27aaed4987','102','1366015988730.jpg',1,'','','2013-04-15 16:53:08','2013-04-15 17:02:00',100.142393,20.646458,NULL,NULL,NULL,NULL,NULL,NULL,NULL),('9b2d5412c7d44d039d87c3fa109d9a4f','102','1366016005649.jpg',1,'','','2013-04-15 16:53:25','2013-04-15 17:02:01',100.575932,20.050533,NULL,NULL,NULL,NULL,NULL,NULL,NULL),('9bc1e782f0b1484d84ee6f4ef6a9568a','102','1366017077132.jpg',1,'','','2013-04-15 17:11:17','2013-04-15 17:11:32',100.757951,20.391328,NULL,NULL,NULL,NULL,NULL,NULL,NULL),('9ca0be2af0954f2c93de014a886928ab','102','1366016003665.jpg',1,'','','2013-04-15 16:53:23','2013-04-15 17:02:01',100.907199,20.645412,NULL,NULL,NULL,NULL,NULL,NULL,NULL),('9ceb71a09c844eaf802f603cbb3d2f0e','102','1366021288643.jpg',1,'','','2013-04-15 18:21:28','2013-04-15 18:22:36',100.627068,20.042977,NULL,NULL,NULL,NULL,NULL,NULL,NULL),('9f69c9bc00f948e49776ef4587ea2fda','102','1366016489284.jpg',1,'','','2013-04-15 17:01:29','2013-04-15 17:02:07',100.611562,20.486124,NULL,NULL,NULL,NULL,NULL,NULL,NULL),('a5ab0cadf1fc4d9f941189ae628b20c8','102','1366016448555.jpg',1,'','','2013-04-15 17:00:48','2013-04-15 17:02:04',100.589361,20.508047,NULL,NULL,NULL,NULL,NULL,NULL,NULL),('ab25f254ab9944149fd12f371e9fe168','101','1366021336277.jpg',1,'','','2013-04-15 18:22:16','2013-04-15 18:22:36',100.007113,20.165093,NULL,NULL,NULL,NULL,NULL,NULL,NULL),('b00c4571db764512a59e071a6d09f46f','101','1366020297445.jpg',1,'','','2013-04-15 18:04:57','2013-04-15 18:05:17',100.143078,20.737746,NULL,NULL,NULL,NULL,NULL,NULL,NULL),('b1a1fa08e29845c4beaa5d468d6d954b','102','1366016469364.jpg',1,'','','2013-04-15 17:01:09','2013-04-15 17:02:06',100.533158,20.641854,NULL,NULL,NULL,NULL,NULL,NULL,NULL),('b31622e84b5844ae8e3dcb74824119ef','102','1366016038486.jpg',1,'','','2013-04-15 16:53:58','2013-04-15 17:02:03',100.54169,20.602729,NULL,NULL,NULL,NULL,NULL,NULL,NULL),('b63362344b9047beb918bc3c7dd79978','102','1366016028626.jpg',1,'','','2013-04-15 16:53:48','2013-04-15 17:02:02',100.111611,20.866414,NULL,NULL,NULL,NULL,NULL,NULL,NULL),('b89ec0e97c2144f789a02c4904d8a1aa','102','1366015987048.jpg',1,'','','2013-04-15 16:53:07','2013-04-15 17:01:59',100.172324,20.223322,NULL,NULL,NULL,NULL,NULL,NULL,NULL),('b9444788b6444b3a8592da4588fd599c','102','1366016010817.jpg',1,'','','2013-04-15 16:53:30','2013-04-15 17:02:01',100.212322,20.475355,NULL,NULL,NULL,NULL,NULL,NULL,NULL),('bcefe2697621491bb8353ad19e5a6c27','101','1366020295099.jpg',1,'','','2013-04-15 18:04:55','2013-04-15 18:05:17',100.869141,20.117286,NULL,NULL,NULL,NULL,NULL,NULL,NULL),('befba566846c48dc8109a238f4b1d150','102','1366016503887.jpg',1,'','','2013-04-15 17:01:43','2013-04-15 17:02:09',100.379842,20.719608,NULL,NULL,NULL,NULL,NULL,NULL,NULL),('bf604e76a6a842649d620dd2d60bca98','102','1366016496313.jpg',1,'','','2013-04-15 17:01:36','2013-04-15 17:02:08',100.93927,20.908306,NULL,NULL,NULL,NULL,NULL,NULL,NULL),('c00d6296b109487da7c86125691d43c0','102','1366016443763.jpg',1,'','','2013-04-15 17:00:43','2013-04-15 17:02:04',100.674445,20.264491,NULL,NULL,NULL,NULL,NULL,NULL,NULL),('c3160fa392974e3380d472d69f7fbe0e','102','1366015991784.jpg',1,'','','2013-04-15 16:53:11','2013-04-15 17:02:00',100.726712,20.144676,NULL,NULL,NULL,NULL,NULL,NULL,NULL),('cc018569322d4940b2b9e22644aeff4c','102','1366016458414.jpg',1,'','','2013-04-15 17:00:58','2013-04-15 17:02:05',100.611112,20.02814,NULL,NULL,NULL,NULL,NULL,NULL,NULL),('cecadcf0fe80410cb476cc80eef0557a','102','1366016049888.jpg',1,'','','2013-04-15 16:54:09','2013-04-15 17:02:04',100.40338,20.337236,NULL,NULL,NULL,NULL,NULL,NULL,NULL),('d246fa04a7344d0985ddc451f7d5a938','102','1366016041378.jpg',1,'','','2013-04-15 16:54:01','2013-04-15 17:02:03',100.478546,20.737184,NULL,NULL,NULL,NULL,NULL,NULL,NULL),('daf2c70b49d747c4aeb163cec976c616','102','1366021113601.jpg',1,'','','2013-04-15 18:18:33','2013-04-15 18:19:14',100.008981,20.120841,NULL,NULL,NULL,NULL,NULL,NULL,NULL),('dbe6700d8ffa4bdcaa0d751f0f0734ae','102','1366016036804.jpg',1,'','','2013-04-15 16:53:56','2013-04-15 17:02:03',100.774475,20.307692,NULL,NULL,NULL,NULL,NULL,NULL,NULL),('dd13d624460d4233ac98b6885f976524','102','1366017060995.jpg',1,'','','2013-04-15 17:11:00','2013-04-15 17:11:31',100.645196,20.34275,NULL,NULL,NULL,NULL,NULL,NULL,NULL),('e120320da9bb44adbbc50d50f1aa8ac0','102','1366016042938.jpg',1,'','','2013-04-15 16:54:02','2013-04-15 17:02:03',100.327516,20.812978,NULL,NULL,NULL,NULL,NULL,NULL,NULL),('e3e62d50d1f341a689989f1dda0115c5','102','1366017072855.jpg',1,'','','2013-04-15 17:11:12','2013-04-15 17:11:32',100.769286,20.621145,NULL,NULL,NULL,NULL,NULL,NULL,NULL),('e7b1b0edfee54b7db5d569bd39546ed8','102','1366016001617.jpg',1,'','','2013-04-15 16:53:21','2013-04-15 17:02:01',100.118453,20.512303,NULL,NULL,NULL,NULL,NULL,NULL,NULL),('eb89da63c867431e8dbb97949f8f2af3','102','1366021115400.jpg',1,'','','2013-04-15 18:18:35','2013-04-15 18:19:14',100.292835,20.122454,NULL,NULL,NULL,NULL,NULL,NULL,NULL),('ebc83562939c47e7aac1d04833c02753','102','1366021119974.jpg',1,'','','2013-04-15 18:18:39','2013-04-15 18:19:15',100.470788,20.537169,NULL,NULL,NULL,NULL,NULL,NULL,NULL),('ef38bce3291a4fcb8cf0dbb9207cd04d','102','1366017080965.jpg',1,'','','2013-04-15 17:11:20','2013-04-15 17:11:32',100.056727,20.246588,NULL,NULL,NULL,NULL,NULL,NULL,NULL),('f0ffca58832445f4b6d5035ee95b0743','102','1366017082710.jpg',1,'','','2013-04-15 17:11:22','2013-04-15 17:11:33',100.178573,20.080985,NULL,NULL,NULL,NULL,NULL,NULL,NULL),('f3b14ecae6cf4388bdd8be165c3bc0dc','102','1366016019547.jpg',1,'','','2013-04-15 16:53:39','2013-04-15 17:02:02',100.240291,20.771217,NULL,NULL,NULL,NULL,NULL,NULL,NULL),('f521c1675fbc4e3aa8921d980a5b0cf9','102','1366016494692.jpg',1,'','','2013-04-15 17:01:34','2013-04-15 17:02:08',100.156122,20.821743,NULL,NULL,NULL,NULL,NULL,NULL,NULL),('f52405edb8d64a5aaa433ff481fae7bb','102','1366017070383.jpg',1,'','','2013-04-15 17:11:10','2013-04-15 17:11:32',100.800217,20.27037,NULL,NULL,NULL,NULL,NULL,NULL,NULL),('f5261ed382304a9eafbdac2b6f052abd','102','1366021104468.jpg',1,'','','2013-04-15 18:18:24','2013-04-15 18:19:14',100.673334,20.033398,NULL,NULL,NULL,NULL,NULL,NULL,NULL),('faca4ee33c47451a92313494a0bd49a0','102','1366017065262.jpg',1,'','','2013-04-15 17:11:05','2013-04-15 17:11:31',100.246179,20.212031,NULL,NULL,NULL,NULL,NULL,NULL,NULL),('faf6bba8d74c469b95c8db8a6e3b88b2','102','1366021106837.jpg',1,'','','2013-04-15 18:18:26','2013-04-15 18:19:14',100.887917,20.889835,NULL,NULL,NULL,NULL,NULL,NULL,NULL),('fb7f0a8a70764fbab367e2f421a450fd','102','1366016507498.jpg',1,'','','2013-04-15 17:01:47','2013-04-15 17:02:09',100.192234,20.936579000000002,NULL,NULL,NULL,NULL,NULL,NULL,NULL),('ffbdc315fc684732bcf079e41e10906e','102','1366021110529.jpg',1,'','','2013-04-15 18:18:30','2013-04-15 18:19:14',100.344365,20.153413,NULL,NULL,NULL,NULL,NULL,NULL,NULL);

/*Table structure for table `sysadmin` */

DROP TABLE IF EXISTS `sysadmin`;

CREATE TABLE `sysadmin` (
  `adm_id` varchar(50) NOT NULL,
  `adm_pwd` varchar(50) NOT NULL,
  `adm_name` varchar(50) NOT NULL,
  `adm_type` int(11) NOT NULL COMMENT '0-系统管理员；0-高级用户'
) ENGINE=InnoDB DEFAULT CHARSET=utf8;

/*Data for the table `sysadmin` */

insert  into `sysadmin`(`adm_id`,`adm_pwd`,`adm_name`,`adm_type`) values ('cq_admin','9999','cq_admin',0),('cq_user','1111','cq_user',1);

/*Table structure for table `user` */

DROP TABLE IF EXISTS `user`;

CREATE TABLE `user` (
  `usr_id` varchar(20) NOT NULL,
  `usr_pwd` varchar(20) NOT NULL,
  `usr_name` varchar(20) NOT NULL,
  `usr_type` int(11) NOT NULL COMMENT '0:巡检员, 1:管理员',
  `secret_token` varchar(50) DEFAULT NULL,
  `signature_key` varchar(50) DEFAULT NULL,
  PRIMARY KEY (`usr_id`)
) ENGINE=InnoDB DEFAULT CHARSET=utf8;

/*Data for the table `user` */

insert  into `user`(`usr_id`,`usr_pwd`,`usr_name`,`usr_type`,`secret_token`,`signature_key`) values ('101','101','测试用户101',0,NULL,NULL),('102','102','测试用户102',0,NULL,NULL),('103','103','测试用户103',0,NULL,NULL),('104','104','测试用户104',1,NULL,NULL);

/*!40101 SET SQL_MODE=@OLD_SQL_MODE */;
/*!40014 SET FOREIGN_KEY_CHECKS=@OLD_FOREIGN_KEY_CHECKS */;
/*!40014 SET UNIQUE_CHECKS=@OLD_UNIQUE_CHECKS */;
/*!40111 SET SQL_NOTES=@OLD_SQL_NOTES */;
